{"fileName":"뭔 이야기","documentId":15,"shapeId":3,"pageId":1,"pageSize":{"backgroundLayerWidth":1920,"backgroundLayerHeight":1080},"currentPage":0,"showRuler":true,"pages":{"0":{"name":"menu_page","render":[{"points":[2482.26,1418.91,2946.84,1418.91,2946.84,1797.97,2482.26,1797.97],"fill":"rgba(255, 192, 203,1)","rotation":0,"type":"Circle","opacity":1,"cornerRadius":null,"fillOpacity":1,"strokeOpacity":1,"stroke":null,"strokeWidth":0,"renderPage":0,"layer":1,"textProperties":null,"value":null,"visibility":"visible","lock":false,"fixedRatio":false,"imageResize":"origin","push":false,"blinking":false,"id":2,"zIndex":0,"name":"Circle_2","image":[0,0,0,0]},{"points":[2188.92,1418.91,2406.18,1418.91,2406.18,1710.14,2188.92,1710.14],"fill":"rgba(255, 192, 203,1)","rotation":0,"type":"Rect","opacity":1,"cornerRadius":0,"fillOpacity":1,"strokeOpacity":1,"stroke":null,"strokeWidth":0,"renderPage":0,"layer":1,"textProperties":null,"value":null,"visibility":"visible","lock":false,"fixedRatio":false,"imageResize":"origin","push":false,"blinking":false,"id":1,"zIndex":1,"name":"Rect_1","image":[0,0,0,0]},{"points":[2211,1167,3027,1167,3027,1839,2211,1839],"fill":"rgba(255, 192, 203,1)","rotation":0,"type":"Line","opacity":1,"cornerRadius":null,"fillOpacity":1,"strokeOpacity":1,"polylinePoints":[2211,1167],"stroke":"rgba(0,0,0,1)","strokeWidth":1,"renderPage":0,"layer":1,"textProperties":null,"value":null,"visibility":"visible","lock":false,"fixedRatio":false,"imageResize":"origin","push":false,"blinking":false,"id":3,"zIndex":2,"name":"Line_3","image":[0,0,0,0]}],"order":0,"id":0,"layerId":1,"guideLines":[],"showGuideLines":true,"lockGuideLines":false,"currentLayer":1,"layers":{"1":{"name":"background","render":[{"points":[2482,1418,2946,1418,2946,1797,2482,1797],"fill":"rgba(255, 192, 203,1)","rotation":0,"type":"Circle","opacity":1,"cornerRadius":null,"fillOpacity":1,"strokeOpacity":1,"stroke":null,"strokeWidth":0,"renderPage":0,"layer":1,"textProperties":null,"value":null,"visibility":"visible","lock":false,"fixedRatio":false,"imageResize":"origin","push":false,"blinking":false,"id":2,"zIndex":0,"name":"Circle_2","image":[0,0,0,0]},{"points":[2188.92,1418.91,2406.18,1418.91,2406.18,1710.14,2188.92,1710.14],"fill":"rgba(255, 192, 203,1)","rotation":0,"type":"Rect","opacity":1,"cornerRadius":0,"fillOpacity":1,"strokeOpacity":1,"stroke":null,"strokeWidth":0,"renderPage":0,"layer":1,"textProperties":null,"value":null,"visibility":"visible","lock":false,"fixedRatio":false,"imageResize":"origin","push":false,"blinking":false,"id":1,"zIndex":1,"name":"Rect_1","image":[0,0,0,0]},{"points":[2211.84,1167.2,3027.73,1167.2,3027.73,1839.79,2211.84,1839.79],"fill":"rgba(255, 192, 203,1)","rotation":0,"type":"Line","opacity":1,"cornerRadius":null,"fillOpacity":1,"strokeOpacity":1,"polylinePoints":[2211.84,1167.2],"stroke":"rgba(0,0,0,1)","strokeWidth":1,"renderPage":0,"layer":1,"textProperties":null,"value":null,"visibility":"visible","lock":false,"fixedRatio":false,"imageResize":"origin","push":false,"blinking":false,"id":3,"zIndex":2,"name":"Line_3","image":[0,0,0,0]}],"order":0,"id":1,"visibility":"visible","lock":false}}},"1":{"name":"graphic_page_1","render":[],"order":1,"id":1,"layerId":1,"guideLines":[],"showGuideLines":true,"lockGuideLines":false,"currentLayer":1,"layers":{"1":{"name":"background","render":[],"order":0,"id":1,"visibility":"visible","lock":false}}}}}