{
    "fileName":"뭔 이야기",
    "documentId":15,
    "shapeId":3,
    "pageId":1,
    "pageSize":{
        "backgroundLayerWidth":1920,
        "backgroundLayerHeight":1080
    },
    "currentPage":0,
    "showRuler":true,
    "pages":{
        "0":{
            "name":"menu_page",
            "render":[
                {
                    "points":{
                        "p1":{"x":2482.267966775009,"y":1418.9165763813653},
                        "p2":{"x":2946.840014445648,"y":1418.9165763813653},
                        "p3":{"x":2946.840014445648,"y":1797.970386421091},
                        "p4":{"x":2482.267966775009,"y":1797.970386421091}
                    },
                    "fill":"rgba(255, 192, 203,1)", 
                    "rotation":0,
                    "type":"Circle",
                    "opacity":1,
                    "cornerRadius":null,
                    "fillOpacity":1,
                    "strokeOpacity":1,
                    "stroke":null,
                    "strokeWidth":0,
                    "renderPage":0,
                    "layer":1,
                    "textProperties":null,
                    "value":null,
                    "visibility":"visible",
                    "lock":false,
                    "fixedRatio":false,
                    "imageResize":"origin",
                    "imagePosition":{"x":0,"y":0},
                    "imageSize":{"imageWidth":0,"imageHeight":0},
                    "push":false,
                    "blinking":false,
                    "id":2,
                    "zIndex":0,
                    "name":"Circle_2"
                },
                {
                    "points":{
                        "p1":{"x":2188.9201877934274,"y":1418.9165763813653},
                        "p2":{"x":2406.182737450343,"y":1418.9165763813653},
                        "p3":{"x":2406.182737450343,"y":1710.1408450704225},
                        "p4":{"x":2188.9201877934274,"y":1710.1408450704225}
                    },
                    "fill":"rgba(255, 192, 203,1)",
                    "rotation":0,
                    "type":"Rect",
                    "opacity":1,
                    "cornerRadius":0,
                    "fillOpacity":1,
                    "strokeOpacity":1,
                    "stroke":null,
                    "strokeWidth":0,
                    "renderPage":0,
                    "layer":1,
                    "textProperties":null,
                    "value":null,
                    "visibility":"visible",
                    "lock":false,
                    "fixedRatio":false,
                    "imageResize":"origin",
                    "imagePosition":{"x":0,"y":0},
                    "imageSize":{
                        "imageWidth":0,
                        "imageHeight":0
                    },
                    "push":false,
                    "blinking":false,
                    "id":1,
                    "zIndex":1,
                    "name":"Rect_1"
                },
                {
                    "points":{
                        "p1":{"x":2211,"y":1167},
                        "p2":{"x":3027,"y":1167},
                        "p3":{"x":3027,"y":1839},
                        "p4":{"x":2211,"y":1839}
                    },
                    "fill":"rgba(255, 192, 203,1)",
                    "rotation":0,
                    "type":"Line",
                    "opacity":1,
                    "cornerRadius":null,
                    "fillOpacity":1,
                    "strokeOpacity":1,
                    "polylinePoints":[
                        {"x":2211,"y":1167}
                    ],
                    "stroke":"rgba(0,0,0,1)",
                    "strokeWidth":1,
                    "renderPage":0,
                    "layer":1,
                    "textProperties":null,
                    "value":null,
                    "visibility":"visible",
                    "lock":false,
                    "fixedRatio":false,
                    "imageResize":"origin",
                    "imagePosition":{"x":0,"y":0},
                    "imageSize":{"imageWidth":0,"imageHeight":0},
                    "push":false,
                    "blinking":false,"id":3,"zIndex":2,"name":"Line_3"
                }
            ],
            "order":0,
            "id":0,
            "layerId":1,
            "guideLines":[],
            "showGuideLines":true,
            "lockGuideLines":false,
            "currentLayer":1,
            "layers":{
                "1":{
                    "name":"background",
                    "render":[
                        {
                            "points":{
                                "p1":{"x":2482,"y":1418},
                                "p2":{"x":2946,"y":1418},
                                "p3":{"x":2946,"y":1797},
                                "p4":{"x":2482,"y":1797}
                            },
                            "fill":"rgba(255, 192, 203,1)",
                            "rotation":0,
                            "type":"Circle",
                            "opacity":1,
                            "cornerRadius":null,
                            "fillOpacity":1,
                            "strokeOpacity":1,"stroke":null,
                            "strokeWidth":0,
                            "renderPage":0,
                            "layer":1,
                            "textProperties":null,
                            "value":null,
                            "visibility":"visible",
                            "lock":false,
                            "fixedRatio":false,
                            "imageResize":"origin",
                            "imagePosition":{"x":0,"y":0},
                            "imageSize":{"imageWidth":0,"imageHeight":0},
                            "push":false,
                            "blinking":false,
                            "id":2,
                            "zIndex":0,
                            "name":"Circle_2"
                        },
                        {
                            "points": {
                                "p1":{"x":2188.9201877934274,"y":1418.9165763813653},
                                "p2":{"x":2406.182737450343,"y":1418.9165763813653},
                                "p3":{"x":2406.182737450343,"y":1710.1408450704225},
                                "p4":{"x":2188.9201877934274,"y":1710.1408450704225}
                            },
                            "fill":"rgba(255, 192, 203,1)",
                            "rotation":0,
                            "type":"Rect",
                            "opacity":1,
                            "cornerRadius":0,
                            "fillOpacity":1,
                            "strokeOpacity":1,
                            "stroke":null,
                            "strokeWidth":0,
                            "renderPage":0,
                            "layer":1,
                            "textProperties":null,
                            "value":null,
                            "visibility":"visible",
                            "lock":false,
                            "fixedRatio":false,
                            "imageResize":"origin",
                            "imagePosition":{"x":0,"y":0},
                            "imageSize":{"imageWidth":0,"imageHeight":0},
                            "push":false,"blinking":false,"id":1,"zIndex":1,"name":"Rect_1"
                        },
                        {
                            "points":{
                                "p1":{"x":2211.8454315637414,"y":1167.208378475984},
                                "p2":{"x":3027.735644637053,"y":1167.208378475984},
                                "p3":{"x":3027.735644637053,"y":1839.7977609245213},
                                "p4":{"x":2211.8454315637414,"y":1839.7977609245213}
                            },
                            "fill":"rgba(255, 192, 203,1)","rotation":0,"type":"Line",
                            "opacity":1,"cornerRadius":null,"fillOpacity":1,"strokeOpacity":1,
                            "polylinePoints":[{"x":2211.8454315637414,"y":1167.208378475984}],
                            "stroke":"rgba(0,0,0,1)","strokeWidth":1,"renderPage":0,
                            "layer":1,"textProperties":null,"value":null,
                            "visibility":"visible","lock":false,"fixedRatio":false,
                            "imageResize":"origin","imagePosition":{"x":0,"y":0},
                            "imageSize":{"imageWidth":0,"imageHeight":0},"push":false,
                            "blinking":false,"id":3,"zIndex":2,"name":"Line_3"
                        }
                    ],
                    "order":0,
                    "id":1,
                    "visibility":"visible",
                    "lock":false
                }
            }
        },
        "1":{
            "name":"graphic_page_1",
            "render":[],
            "order":1,
            "id":1,
            "layerId":1,
            "guideLines":[],
            "showGuideLines":true,
            "lockGuideLines":false,
            "currentLayer":1,
            "layers":{
                "1":{
                    "name":"background",
                    "render":[],
                    "order":0,
                    "id":1,
                    "visibility":"visible",
                    "lock":false
                }
            }
        }
    }
}